"","Q1","Q2","Q3","Q4","Q5","Q6","Q7","Q8","Q9","Q10","Q11","Q13","Q14"
"1",1,NA,1,3,3,3,NA,4,3,2,2,"When taking a statistics course in the past, I went to tutoring to enhance my skills. I am fairly confident in my psychological statistics skills.","Emily Yang"
"2",1,NA,2,5,3,5,3,4,2,2,2,"I think the best thing was having a good professor that was willing to work with us when needed. I also think having a partner/friend to work with is good because talking out loud about the work makes it easier to understand.","Anayalee Delgado"
"3",1,NA,2,4,2,3,2,4,5,4,3,"I could understand Statistics in the past with a proper lecture and practice. I enjoyed learning stats even though it was frustrating at times. It was a good learning process through each challenge.","Harpreet Kaur"
"4",1,NA,2,5,2,4,3,4,3,2,3,"There were recorded lectures for statistics class and I could always go back and review anything that was confusing for me. It was good","Jasleen Lasher"
"5",1,NA,2,3,3,3,2,3,5,3,2,"My professor at MJC was really good at teaching it which helped me pass and helped me understand the material. I remember he would break it down a lot through the calculator and peason and would pass by to make sure we understood each step.","Carolina Bedoy"
"6",1,NA,2,4,3,3,2,3,4,2,3,"My professor provided step-by-step videos and examples in a module so that students could see where they went wrong and work through trial and error while doing homework assignments. I learned my material the best that way because repetition helped me retain information better.","Julie Tovar"
"7",1,NA,2,3,1,3,1,3,4,3,3,"Just studying when it came to statistics is what really helped me when it came to learning and understanding certain parts of it.","Alexis Faulk"
"8",1,NA,2,3,2,3,2,4,4,1,3,"I took a statistics class so my professor helped out. Also watching videos on my own when I didn’t really understand.","Arianna Magaña"
"9",1,NA,2,2,2,2,1,3,5,4,4,"Studying a lot/practicing","Jessica Calvillo"
"10",1,NA,2,3,4,2,1,1,3,1,1,"My professor was really patient and understanding and took the time to sit with us and workout the problem. I needed a lot of time and instructions throughout stats. Eventually it clicked.","Aries Camacho"
"11",1,NA,3,4,2,2,1,3,4,2,1,"The subject has always been difficult to me. I took a statistics class a couple semesters back and successfully passed. This was due to me practicing and studying.My classmates were also very helpful.","Jazmin Gallardo"
"12",1,NA,3,3,2,2,1,2,5,3,3,NA,"Jazmin Sosa"
"13",1,NA,3,1,1,3,1,3,2,3,3,"practicing is what helped me in the past or by looking at examples.","alexis faulk"
"14",1,NA,3,3,1,3,3,2,3,1,1,"What helped me understand statistics in the past was when the professors would take time to explain and help when I wasn't understanding something, it was very helpful!","Giannella Mejia"
"15",1,NA,2,2,2,4,3,4,3,1,2,"Taking step by step and reviewing and computing number s","Maria Zaragoza"
"16",1,NA,2,4,2,2,2,2,4,2,2,"What helped me last time was definitely working with a group. My previous experience with statistics was okay, I had a very understanding professor so it made it easier to know that if I got behind I could catch up without any penalties. The only thing I did not like was that if I was able to keep up with the learning I could understand it, but if I even got one chapter behind it was very hard to get back on track and understand again for me.","Adrianna Murillo"
"17",1,NA,3,4,1,2,1,1,5,2,2,"I think the thing that mostly helped me understand stats in the past was all the practicing that professors made us do at first I thought it was just ""busy work"" but at the end I understood that the ""busy work"" that they had us do was to practice and get better and to prepare us for the big exams. I would share my previous experiences in learning stats.  I believe it was pretty good there was definitely ups and down from it but in the very end it was all worth it. My learning process was a hill there was goods but there was also many bumps along the way were I cried and I was very frustrated but it was all part of the process.","Crystal Yanez Munoz"
"18",1,NA,2,4,3,2,1,3,5,3,2,"It was actually not very well. Not the professors fault necessarily but I personally have always been really bad at math so it’s definitely a subject that has me a little anxious and scared to start. But I have felt more secure about my learning ever since I heard you being a caring professor.","Cristal Garcia"
"19",1,NA,2,3,3,2,5,4,4,4,2,"Just youtube videos","Isaac Ross III"
"20",1,NA,3,3,2,1,1,1,5,3,2,"Writing notes by hand helped me understand statistics a bit but it was still a very difficult class for me.","Maria Lopez Castillo"
"21",1,NA,2,4,1,4,3,3,5,3,2,"I went to tutoring for extra help. Understanding coming from professors that some of us are not fast learners","Mariana C. Ayala"
"22",1,NA,3,4,1,4,2,4,4,1,1,"I often had a difficult time finding the motivation to focus on the subject. I really enjoyed working in groups and communicating with my peers and helping each other out that way. I also really valued the help that professors would give to struggling students.","Alexa Angeles"
"23",1,NA,2,4,2,2,1,2,5,2,3,"I do not remember my experience.","Alexis Aguallo"
"24",2,"Jamovi",2,4,3,5,4,4,3,1,3,"What helped me in the past was through lectures explaining how to do the assignments as well as providing examples that the professor would go through. My previous experience was amazing. She was very thorough and explained assignments in great detail. I rarely had questions because she was so thorough.","Aimee Farias"
"25",1,NA,3,3,1,5,2,4,3,1,1,"My professor explained everything step by step. I also enrolled in the support class, never missed a class, and always asked questions. It has been a couple of years, but I got very comfortable with my calculator and was provided with lots of practice problems from the support class.","Gabriela Wells"
"26",1,NA,3,4,2,3,2,2,3,1,1,"I took statistics 13 years ago it's been a long time. I remember it being organization of data.","Elena Cebreros"
"27",2,"none",3,3,2,2,2,2,5,2,2,"Repetition has helped me in the past. my experience with statistics, although challenging, was sucessful.","Angelina Hunger"
"28",1,NA,3,3,1,2,1,3,5,2,2,"My previous class was online and somewhat difficult through that. Something that was helpful was we did group work so it calmed down my anxiety.","Annalyssa Mireles"
"29",1,NA,3,2,1,2,1,3,5,3,2,"it was more of a NEED to pass so I made sure to attend all lectures and try to understand while doing group work","Mary Ortega"
"30",1,NA,3,4,1,2,1,1,5,2,2,"When I took Statistics at MJC a couple of years ago, it was a humbling experience. I was in the library every day for at least 4 hours sitting with student tutors working on my homework, studying for a test, or completing my final project. I did not do one thing without the help/reassurance of a student tutor. I did get overwhelmed in the middle of the semester, but thankfully I stuck it out and focused to finish the class with a B. I tell people that statistics is hands down the hardest class I have taken in my academic career, but also one of the most rewarding classes to finish and conquer. I am a very visual learner, so I will take all the visuals you can provide. Although I am nervous, anxious, and scared of taking this class, I have high hopes that I will complete this class with at least a B.","Dominique Stubbs"
"31",1,NA,3,3,1,1,1,1,5,4,2,"I think the quality of the learning versus the quantity. I think that our professor really felt like we were al struggling so she would go over it endlessly until we felt comfortable enough to understand it. I had to take stats three times in order to pass so I would say it was very challenging for me but am going to put the effort in. My learning process is I have to practice a lot in order to get it down.","Genesis Serrano"
"32",1,NA,2,3,2,2,1,4,5,2,2,"Real-world examples that are explained step by step. Give students examples of problems similar to the ones we learn in class.","Carlos Infante"
"33",1,NA,3,4,2,4,3,3,3,1,2,"My previous experience was taking Statistics with an amazing professor, Dr. Topping at SJDC who went step-by-step on each process. Another great professor at SJDC is Mrs. Vienna-Sa, who helped me understand the basics of experimental research and its purpose. Amazing professors who were confident in the material and made the class simplified.","Brenda Valdivia"
"34",1,NA,1,3,3,3,1,3,3,1,3,"I learn differently so I watch videos, take notes, and go back to my notes. I also ask for help as well. It was okay just takes me a little longer to understand compared to other subjects.","Nicole Yadgari Shannon"
"35",1,NA,3,3,1,3,3,4,4,4,2,"my professor and the group i was partnered with. actually going to my classes and paying attention and trying","mary ortega"
"36",1,NA,2,4,2,5,1,2,5,2,2,"I’ve always had a a hard time with stats.","Karolina Nanni Castillo"
"37",1,NA,3,3,2,2,1,3,4,2,3,"I think the pre-recorded lectures and the open availability of the professor was a great way of helping me out in the past, as I had access to the information I needed and if I needed clarification, I would come to the professor for help. I think it was okay as I'm not the brightest in anything math related and I try my best to learn what is in front of me. I tend to over study or I keep looking back at notes.","Bryce Bacarro"
"38",1,NA,2,5,3,5,3,4,4,2,3,"Using Jamovi and putting data in was a learning experience totally
","Irene Alfaro Zarco"
"39",2,"I am not familiar with any computing language",3,3,2,2,2,3,3,3,3,"YouTube and lecture videos helped me have success in stats, it was definitely a tough process","Cynthia Gonzalez"
"40",1,NA,3,3,2,3,2,3,3,1,2,"I had tried to do a statistics class but I couldn’t understand because all the examples were associated with gambling and I have never gambled. I had to drop the class. What made me finally understand it was when my next Professor taught it with psychology pretty much as this class is being taught.","Starr Beasley"
"41",1,NA,3,3,2,2,2,3,4,1,1,NA,"Jacob Walden"
"42",2,"SPSS",2,3,2,3,1,2,5,5,3,"When I first learned statistics I was 18 and it wasn't what I thought it was. It seemed easy, and I understood it more than actual math, but last spring I took this course with a different professor and it was very different, somewhat easy, but very much time-consuming.","Leslie Marie Benitez"
"43",1,NA,3,1,1,1,1,2,5,4,4,"I have always had a hard time with statistics. I’d say my overall experience with stats has been bad.","Brooke Crowley"
"44",1,NA,3,1,1,1,1,1,5,3,2,"For me, what worked was learning with someone one on one because stats never came easily to me so I usually needed that extra help so I could take a step back on the parts that confuse me and really look into it with someone.","Monica Navarro"
"45",1,NA,2,3,2,3,2,4,3,3,3,"What helped me understand statistics was thorough examples of how to solve problems. Due to this statistics were fairly enjoyable as you can understand all the steps including the formulas to solve a problem. Nonetheless, my learning process was a bit slow as I like to understand the subject as I know I can get easily lost when going through the statistic processes.","Juanpablo Lizarraga"
"46",2,"I had forgotten the name of it",1,3,2,3,3,4,3,5,1,"I’ve only ever taken one other stats class & I’d say it went fairly well. Math isn’t necessarily my best subject, but I knew that going into the class so I made sure to pay extra close attention, take notes that I knew would help me, and ask questions when I needed to confirm anything. I plan to do the same for this class, so even though this will be new for me, I’m confident I’ll succeed.","Zariah Plaza"
"47",1,NA,3,4,1,1,1,NA,5,2,3,"I still do not really understand it","Morgan McClellon"
"48",1,NA,3,4,1,4,3,3,3,3,2,"I have very little experience with statistics.","Denise Smith"
"49",2,"I used JAVA in in my computer that own for Goverment. They use Java to collect the staffs census and meal tickets.",1,5,4,5,5,5,5,1,1,"I think statistics is fun, but it has a little bit confusing. As long as I insists and consistently to find the answer. The end it will make sense for our nature world.","Jennifer Xuan Ngan Huynh."
"50",1,NA,3,4,1,1,1,3,4,2,3,"What helped me understand statistics in the past was help from the professor and other outside resources. I don't recall my previous experience learning statistics but I'm sure it was good enough to the point where I was able to pass the class. My learning process was hard at first but later down the road in class it became easier to understand due to repetitive work assignments.","Nathaniel Narvarte"
"51",1,NA,2,4,3,5,3,4,4,1,1,"Professor helping with step by step instructions.","Alyssa Narvaez"
"52",1,NA,2,4,2,4,NA,4,3,1,1,"I had a great teacher who explained things, and I also signed up for the tutoring support class offered alongside the class.","Candice Learned"
"53",1,NA,3,4,1,3,2,1,4,2,4,"I was able to understand statistics a whole lot better by taking a tutoring class. It was taught by the same teacher who was teaching the same subject and she was the one who suggested it to me as she could see I was struggling to understand it.","Liliana Moreno"
"54",1,NA,3,3,2,4,1,4,4,2,3,"I have actually taken an AP Statistics class during my senior year of high school. I wanted to challenge myself with the course and looking back now, it was very useful to take because now I am a psych major. I was blessed to have an amazing teacher, but since the class was extremely fast paced since it was an AP class, I found the pace to be very difficult to keep up with. I thought it was interesting to learn how to visually show data onto different diagrams, and I maintained an A in the course so I was able to apply the knowledge that I was taught. Unfortunately, I didn't do well on the AP exam because it was a lot of information and formulas to remember, but I am glad I took the class because it is useful for my major. I definitely need to jog my memory on Statistics though since it's been a while since I have taken a math class.","Layla Khan"
"55",1,NA,2,4,2,4,2,4,4,2,2,"1. Visual and video examples with step by step guides.
2. Yes.
3. Yes, it was online with many detailed examples.
4. I followed along well with each lesson. I was able to comprehend the slow breakdown and structure. The practice problems were helpful to learn the concepts.","Rosanna Quinones"
"56",1,NA,2,5,3,4,3,3,5,3,3,"Have everything organized. My previous experience learning statistics was good and the learning process was easy because the professor went step by step. However, I nearly forgot everything since I haven't touched statistics since then.","Mark Hernandez"
"57",1,NA,2,4,3,5,3,5,2,1,2,"I took a psych stats class at Delta and the professor made it a fun experience. We made posters with graphs and pie charts with lots of colors. I'm a visual and hands on kind of learner, so I learn better by observing the process up close and then doing things first-hand, so it made it a very easy and enjoyable process","Brian Galvan-Alvarez"
"58",1,NA,3,3,2,5,3,5,1,4,3,"I learn best by watching first then doing it. My previous experience was good as my professor was patient and answered questions. He did things step by step. I can pick up math pretty easily.","Nizhoni Biakeddy"
"59",1,NA,1,4,3,4,2,3,2,2,2,"the lecture videos provided by the professor","Camilo"
"60",1,NA,2,4,2,4,3,3,5,2,3,"Using visual tutorials on how to apply formulas and concepts helped me in previous classes.","Rosanna Quiñones"
"61",1,NA,2,4,2,4,3,4,2,3,1,"What has helped me learn statistics in the past has been my professors and how they walked through every step to help me understand and keep track of where I make a mistake. My experience with learning statistics has been good and positive, when it gets challenging I've had professors willing to run down anything i needed help with to make sure i gained the understanding and knowledge of the statistics course.","Juliana Ayala"
"62",1,NA,2,4,2,4,3,4,4,1,2,"my previous experience with statistics was not  very enjoyable","Camilo Romero"
"63",1,NA,2,4,3,4,3,4,3,1,1,"The way the professor teaches makes a big impact on the way the students understand the material. The way Professor Potter taught her class made me comprehend every little step. This helped me connect the dots in my head and understand the material. If the professor is very detailed in the important information i believe students will then have a better understanding.","Jennifer Zamora"
"64",1,NA,2,4,3,4,3,4,4,3,2,"I took stats in high school but I didn't really learn much, then I took stats here at the university and actually learned a lot more, I think what helped was that the teacher was very understanding and if we didn't understand, you can ask for help until you understand","Jacqueline Manzo"
"65",1,NA,2,3,3,3,2,3,4,2,1,"Something that has helped me with statistics in the past is having a demonstration of the questions being solved and broken down for a better understanding. My previous learning experience with statistics was okay, I don't remember too much. My learning process was not too rough.","Stephanie M"
"66",1,NA,3,3,1,1,1,3,5,3,3,NA,"Haley Sims"
"67",1,NA,3,3,1,4,3,3,4,1,1,"One thing that helped me learn statistics in the past was having lots of examples with clear lectures explaining the mathematical steps. I would say my previous experience was easy because my teacher made sure that we always had examples of the statistical problems with us in order to look at in case we got lost with the mathematical steps. Overall, I would say it was a good experience, although I wish I had learned more.","Kimberly Magana-Coyt"
"68",2,"Java",2,4,3,2,2,3,4,3,1,"I think tutoring definitely helps understand certain formulas and when and how to use them.","Arisbeth Manzo Charles"
"69",1,NA,2,3,2,3,3,4,4,3,3,NA,"Arianna Magana"
"70",1,NA,2,4,2,4,2,4,2,1,1,"Note taking and practicing the things I learn repeatedly so I can comprehend what I’ve learned","Irene Narvaez"
"71",1,NA,3,1,1,1,1,2,5,3,3,"The first time I took a statistics class I failed it really bad. The second time I passed with a 104%. I had a different professor this time and she really made the subject a lot more easier to understand. I think it just depends on the professor’s teaching method.","Leslie Vidales"
"72",1,NA,1,3,4,3,3,3,5,3,1,"I have always struggled with statistics. However, examples that are step by step help me a ton.","Diksha Kumar"
"73",1,NA,3,5,1,3,2,3,5,3,1,"I would say that mathematics overall has been a difficult subject for me as I have dyslexia. Although, what has helped in my last statistics class was going to the math center at my JC and getting help and asking questions. I'm sure this class will also have me pulling my hair out when it comes to the math, but I manage to get through it. My goals on becoming a strong Psy.D candidate depends on it.","Diego Castro"
"74",1,NA,2,4,2,4,2,5,4,2,3,"I took an AP Statistics class in my senior year of high school which I succeeded in and passed the AP exam along with it. I'm pretty fond of algebraic math so I think that incorporation and additionally the way most stats problems are solved through similar operations definitely helped with my understanding. I had a Psychology class last semester that reintroduced me with the stats concepts we will encounter in the PSYC 3000 class which obviously I am taking now.","Shayal Kaur"
"75",2,NA,1,5,1,5,5,5,3,1,1,NA,"Lue Yang"
"76",1,NA,2,3,2,3,2,4,4,4,3,"Studying.","Darius Roland"
"77",1,NA,3,2,1,1,1,3,5,2,4,NA,"Yesenia Granados"
"78",1,NA,3,3,1,4,1,4,4,3,1,"I had a great teacher that explained everything step by step. He gave great notes and handouts that helped me understand the material.","Julnee Saunders"
"79",1,NA,2,3,2,2,2,3,3,1,2,"I had a friend in my statistics class and studying together helped when I didn’t understand something . Im a little nervous because I’ve never been very good at math and I remember my statistics class doing a little bit of math.","Jasmine Avila"
"80",1,NA,2,4,2,2,1,1,5,2,3,"I have only taken one statistics class before the professor was patient and broke down the information, he also gave us study guides. I believe that was of great help.","Maria Zuniga"
"81",1,NA,3,3,2,2,1,2,4,3,4,"Seeing the process of statistics problems has helped me understand statistics. I had only one good teacher who explained statistics clearly and demonstrated how to solve complex problems.","April Her"
"82",1,NA,3,2,1,2,1,2,4,3,3,NA,"Vicky Burroughs"
"83",1,NA,3,4,2,2,2,4,4,1,2,NA,"Julie Guerrero"
"84",1,NA,2,4,2,4,3,4,5,3,3,"What has helped me in the past to understand statistics is breaking the question down and really try to learn how to actually solve the problems. My previous experience learning statistics was really good, I was able to understand what was going on and pass with a B! My learning process is a slowly paced only because I enjoy learning about each subject not just doing the course because it’s an requirement","Alexandria Perry"
"85",1,NA,2,3,3,3,2,4,4,5,2,NA,"Arianna Magana (I read a question wrong and could not go back. I accidentally put that I strongly agree that stats is useless in my future career, I meant strongly disagree)"
"86",1,NA,2,5,2,2,2,5,4,4,2,"I learned much better when I had to reread things, rewatch and ask my professor multiple questions. Stats hasn't always been my strongest asset so I try to ask as much questions as I can. I did have a difficult time with the professor I had at the time because he wasn't as communitive.","Jennifer Encarnacion"
"87",2,"java",2,4,2,3,3,3,4,2,1,NA,"Arisbeth Manzo"
"88",1,NA,3,2,1,3,2,2,4,2,3,"I am a visual learner and must see examples multiple times to fully understand a topic. I am able to interpret different graphs but creating them is difficult for me.","Crystal Torres"
"89",1,NA,2,3,2,5,3,4,4,5,1,"Practice in different assignments.","Jennifer zamora"
"90",1,NA,2,4,2,3,1,3,4,2,2,"The professor explained it thoroughly and in ways that are easy to understand. My previous experiences were neutral. Could be a lot better but could be worse. My learning process developed overtime as it started off by being really confusing and then I studied and did many different problems to help with my understanding
","Maryam Alburati"
"91",1,NA,2,4,2,4,4,4,5,1,1,"When I was learning statistics, what really helped me was focusing on the practical applications and understanding the underlying concepts. Rather than just memorizing formulas. Working though real world examples and seeing how statistics could be used to solve problems made the material more engaging and easier to grasp. My previous experience was good! Breaking down complex topics into smaller pieces with visual aids really helped me move the process along and made big difference.","Brooke Rogers"
"92",1,NA,2,4,2,3,1,3,5,1,2,NA,"Brooklyn Salyers"
"93",1,NA,3,2,1,3,1,4,5,1,3,"What helped me understand Stats in the past was long study hours, tutoring, and lots of videos/examples.","Adeline Morales"
"94",1,NA,2,3,2,2,1,1,3,1,1,"I took a statistic class before and did not understand most of what was taught due to the constant story telling in between. I need to be on a class where it’s the focus not personal stories . I’m better going straight into learning rather than cushioning in between.","Romei Walker"
"95",1,NA,3,3,1,1,1,1,5,1,3,"What helped me understand statistics in the past was mainly my teachers going step by step in solving the problems and a lot of practice. Learning statistics in the past was an okay experience. I do not study statistics too often so I do forget a lot, but I believe through practice and time one can learn. My learning process is going over clear examples, practicing, and receiving feedback.","Emily Flores Arteaga"
"96",2,"microsoft and google docs",3,5,2,4,4,4,4,2,2,"explanations and just very descriptive","princess barlay"
"97",1,NA,2,4,2,4,3,4,4,1,1,"I took stats this last semester, and I think one of the most helpful things was that notes would be posted, but the professor would go through them in person. I was able to follow along and listen, so I feel as though that really helped me learn.","Katelynn Ables"
"98",1,NA,2,3,3,3,3,4,4,3,2,"My husband helps tutor me to better understand the concepts.","Alexia Casey"
"99",1,NA,3,3,1,1,1,1,5,3,3,"Learning statistics was the hardest thing I have done in my time in school. It is very confusing, despite my best attempts.","Jennifer Navarro"
"100",1,NA,2,4,1,2,1,4,4,3,1,"Simplicity of a question or problem helped me better understand more complicated ones in the future. It was difficult to understand problems that were laid out in the most complicated form before learning a more simple version of the problem.","Lance King"
"101",1,NA,3,2,1,3,2,2,4,1,1,NA,"Jessica Lusk"
"102",1,NA,3,4,2,2,1,2,5,1,1,"I have always had a hard time with math in general and part of the problem was I was thinking too much into it. I work at a high school and the math teacher there actually tutored me and he taught in a way that I could understand more. I am still not great but definitely better than before. I am pretty nervous about this class but I do enjoy learning about research methods and projects so I think it will definitely come in handy.","Darrian Vieira"
"103",1,NA,2,3,2,3,3,3,4,1,1,"It helped to learn statistics by having tutors. Taking all the information step by step. To slowly learn about the formulas and to answer the question correctly.","Nancy Zaragoza"
"104",1,NA,2,5,2,4,1,2,4,2,2,"I took the class in person and also watched videos and read the material.  I felt overwhelmed, I did drop the class twice. I also feel that the third time the professor may the material easy to understand even though it was the same thing.  It also didn't help that I had health issues at the time.  Statistics can be challenging but once I start to work on it I can figure it out.  What helps me is to read the content, watch videos related to the problem and work on samples exercise.","Mayra Gallardo De Leon"
"105",1,NA,1,4,2,4,3,5,4,1,3,"Just practice and exposing myself to different problems","Michael Baliel"
"106",1,NA,3,2,1,3,1,4,3,2,1,"I’ve honestly always been confused when it comes to things with numbers. I’ve generally done unsatisfactory when it comes to statistics. I’m still trying to learn.","TedSteven Udeze"
"107",1,NA,2,4,2,4,1,4,4,1,1,"It all comes down to the teacher, based on my experience. When the teacher goes step by step to make sure everyone is understanding and learning the material.
","Haley Marmolejo"
"108",1,NA,3,3,1,5,3,5,3,1,1,"Yes, I found stats interesting, thanks also to my previous professor.","Mirella Villarruel"
"109",1,NA,1,5,3,2,1,4,4,1,2,"When I took a statistics course a few years ago, what really helped me was having a professor who explained everything in depth. She was very thorough,  which helped me understand what the numbers meant not just how to solve the problem. I took a statistics course when I was enrolled at Modesto Junior College for my first two years of college. I really enjoyed my statistics class, and I was able to learn a lot because I was able to understand the material really well.","Phenix Lew"
"110",1,NA,3,1,1,2,1,3,4,2,3,"I would say I did not ever enjoy statistics very much. Rewatching lectures of how to solve problems, or having a built-in problem solving assist tool also helped. I had a class that helped teach exactly how to solve certain problems within quizzes.","Elijah Little"
"111",1,NA,2,5,2,5,3,5,4,1,1,"I had a good experience with statistics in the past, though I've only had one previous experience with it with my statistics class 2 semesters ago at MJC. It was difficult, but I had a good Professor who made sure I understood the work.","Gloria Duran"
"112",1,NA,3,3,2,1,2,1,5,2,1,"My statistics class was very difficult. I had to get a tutor to help me understand it and even then it was hard for me to understand.","Shanaz Shoaib"
"113",1,NA,2,3,2,2,2,2,4,3,3,"Taking notes, and constantly going back to review. I have had mostly a difficult time when it comes to statistics. It’s definitely not a strong suit for me.","Jonathan Casenave"
"114",1,NA,1,4,2,2,2,4,4,2,2,"My stats class at Arizona State was focused on using google formulas and google sheets. It was very interesting.","Michelle Allen"
"115",2,"java",1,5,2,3,3,3,5,3,2,"It was hard for me in the past, but like they say, there is nothing to it but to do it lol","Lucias Reyna"
"116",1,NA,2,4,2,2,1,4,3,1,3,"The Intro to Psychological Methods course helped me understand statistics better. The teacher, Deborah Foster(Turlock campus), took her time to carefully explain the subject, she gave us ample time to get clarification by asking tons of questions, and she allowed us to simply ask her to repeat what she said. She did well with coming up with and using real life examples. She gave us plenty of opportunities to practice what we learned as well. The subject is not my favorite but it is a challenge I know can be overcome.","Sherice Brunt"
"117",1,NA,2,4,3,5,3,4,5,3,3,"My last statistics professor taught in the way that I best learn, so it was easier for me to understand the information that was given. Information was direct and step-by-step, and he helped his students a lot. He wanted them all to succeed. This helped me be extremely successful in his class. I enjoyed my statistics class.","Alyssa Locken"
"118",1,NA,2,5,2,5,4,5,4,3,1,"I took one statistics class at Delta, and what helped me was staying organized with all of my data.","Yoselin Ochoa-Diaz"
"119",1,NA,3,5,2,3,1,2,4,1,2,"What helps me is asking questions and having someone explain them to me.","Carolina Ocegueda"
"120",1,NA,3,3,2,2,1,4,4,2,3,"What helped me understand statistics in the past was my professor was very thorough in explaining things and also I had a study group that we all helped eachother.","Lucia Hurtado"
"121",1,NA,2,3,3,3,2,3,4,1,1,"I believe a clear explanation and guide on concepts to solve statistics is what helped me in the past, although it is a complicated subject until you get the hang of it, then it is easy.","Tiana Rios Pequeno"
"122",1,NA,2,4,2,3,2,3,4,2,2,"I have dyscalculia which makes math very challenging for me to understand and comprehend. Usually in math courses I have taken advantage of tutoring and office hours with professors to help me understand as it takes me much longer to retain information.","Holly Holdaway"
"123",1,NA,3,3,1,3,3,2,4,3,3,"To understand statistics it really helped when the professor would explain it in a video or just in person so I could really get a grasp of the concept. It was difficult, but really allowing the professor to give examples and explain how to do the work really helped me understand concepts.","Juliette Orozco Preciado"
"124",1,NA,3,4,1,3,1,3,5,1,2,"I've actually struggled with statistics in the past. My first experience with statitstics ws not good, I failed it the first time I took it. I was also not a fan of the teacher, she offered no help or guidance in the subject. Luckily the 2nd time I took it with a different teacher, and although I still struggled a bit, this teacher helped me understand it better and I passed it.","Claudia Gomez"
"125",1,NA,2,5,3,2,2,3,3,2,3,"What helped me learn stats in the past was having parter to work with. It was an extremely hard class in my opinion and in the end we got penalized for helping each other. I am a little concerned I might not grasp it this time around but I have hope.","Joanna Vega"
"126",1,NA,3,4,2,4,3,4,4,5,2,"What helped me understand statistics was getting together with some classmates and practicing together. I also took a lot of notes and would review them. From my learning process is went good throughout the semester.","Maya Romo"
"127",1,NA,3,1,1,1,1,3,5,4,3,"Honestly I still have a really hard time with it. Especially when math comes into play.","Bliss Honeysuckle"
"128",1,NA,3,3,1,2,1,4,4,2,2,"Well, I still don't feel like I understand statistics completely. I don't think I have ever been in a statistics class, so I can't really think of a previous experience learning statistics. I was in the ""simple math class"" all throughout high school, and I still to this day have a hard time with numbers.","Riley Castoe"
"129",1,NA,2,4,2,2,1,3,5,3,3,"Having a video of someone doing the problem step by step.","Yureili Aguila"
"130",1,NA,3,2,2,3,2,4,4,2,3,"Watching videos/lectures by the professor on how to solve and understand statistical problems helped me understand statistics in the past. My previous experience learning statistics was good because my professor made it easy to understand. Everything was broken down into the most basic of steps, which made it easier for me to learn.","Nidhi Singh"
"131",1,NA,2,4,1,3,2,4,4,2,2,"Help from previous professor’s office hours as well as guides on statistical problems. My previous experience learning statistics was a struggle but I got through it! Just a lot
Of patience.","Susanna Arambula"
"132",1,NA,2,3,2,4,3,4,4,2,2,"I took statistics in high school and college before attending Stanislaus. I also took an experimental methods and designs class two semesters ago, and I remember some of the material.","Isabella Martinez"
"133",1,NA,2,2,2,4,3,4,4,1,2,"Honestly, what helped me most when learning about statistics was the instructor. As long as they explained the steps clearly on how to complete assignments, I performed well.","Isabella Dart"
"134",1,NA,3,3,1,1,1,1,5,4,3,"I had a really good tutor at the time I took the course but it was extremely difficult. My experience with statistics is not good at all. Math has never been strong suit and statistics is no exception. My learning process was incredibly slow.","Tyler Watson"
"135",1,NA,2,4,2,4,1,5,4,1,2,"My previous experience learning stats was good. My previous stats course used video lectures to breakdown what to do and provided a lot of examples. My learning process mainly consisted of me writing down notes and studying them. I also solved practice problems to help me understand the concepts even more.","De Zainae Roberts"
"136",2,"java",1,5,3,4,3,4,4,2,2,"I had to focus and really study to get a good grade. it was a good experience because I did it and I am proud of myself for doing it.","Lucias (lucky)Reyna"
"137",2,"java",1,4,3,4,2,4,3,5,2,NA,"Lucias Lucky Reyna"
"138",1,NA,3,2,1,1,1,3,4,1,1,"My first statistics class was horrible. I understood nothing and lost all motivation. The class I took last summer of statistics went super well, I undertsood almost 100 percent of the material and had fun completeing the problems.","Michelle Jimenez"
"139",1,NA,3,3,1,1,2,4,4,2,1,"I understood statistics better when I had clear examples and step by step explanations. Practice problems really helped me.","Estrella Cortez"
"140",1,NA,3,3,1,4,3,4,3,3,3,NA,"Jazmin Cervantes"
"141",1,NA,3,5,2,5,3,5,1,1,1,"The recorded lectures helped a lot! I could go back to them when I needed too. The way I learned it is by going every day and looking at the material that was being taught.  Also just practice.","Consuelo Muniz Garcia"
"142",1,NA,2,4,3,4,3,4,3,1,1,NA,"Alicia Elias"
"143",1,NA,3,3,1,5,3,3,3,1,1,"Going back through lectures, having one on one's with my professor for extra help, taking lots of notes","consuelo muniz garcia"
"144",1,NA,2,4,2,2,1,2,5,1,2,NA,"Allana Chau"
"145",1,NA,3,3,1,2,2,3,3,1,3,"My teacher helped me understand the material; he would respond to any questions I had. The class was good and easy. The learning process was a bit hard, but I managed.","Sandra Garcia"
"146",1,NA,1,5,3,4,1,4,5,1,1,NA,"Anastasia Ross"
"147",1,NA,3,3,1,4,3,3,4,1,1,"Step by Step process.","Sherrie Ung"
"148",1,NA,2,4,3,5,4,4,5,1,1,"My statistics teacher, Diwa Ramos made me fall in love with the basics of statistics. I still have my notes from his class and refer back to them often.","Hannah L. Smith"
"149",1,NA,2,5,2,4,4,4,4,1,1,"What helped me understand statistics in the past was the ability to apply it to the real world. I find that being able to calculate statistics to prove a content is very powerful. My experience with learning statistics was complicated, but fun.","Ailang Kim"
"150",1,NA,3,1,1,2,3,NA,2,1,1,"I had to humble myself and ask for support. once I did that I enjoyed my class.","Mona Lisa Lowe"
"151",1,NA,3,3,1,4,NA,4,4,2,2,"I do well with numbers and I had a great professor at Delta. I found the class to be easy, but I remember nothing from it.","Jamie Hill"
"152",1,NA,2,1,2,1,1,2,4,1,1,"N/A","Bea Maghera"
"153",1,NA,3,4,1,4,1,4,4,1,4,"Dr Topping at San Joaquin Delta College was a tremendous teacher in statistics.The primary reason was he took each subject and broke it down to the simplest common denominator, all I had to do was listen to him and do exactly what he told me and I would get the result that was needed to pass the weekly exam","Primo Bonilla"
"154",1,NA,3,4,1,2,2,1,5,3,2,"As far as I have learned about statistics, it is a branch of mathematics that deals with collecting and presenting data. It might be funny that I don't remember anything from the statistics course I took a year ago, I believe. It was a great class, but I was still having a hard time then to fully understand each concept in the best way, as I always say, ""I'm really bad at math"". 

Therefore, I still look forward to learning new things and understanding them to the best of my knowledge. I also look forward to passing this course with the knowledge that I can take for future courses, as I plan to graduate this upcoming year. So, I'll always be using the office hours to get help and understand R and R-studio better and of how it works on my end. 

Thank you, and looking towards a great summer!","Karina Kaur"
"155",1,NA,3,2,2,4,1,4,5,2,1,"I was thankful to have a wonderful statistics professor at Modesto Junior College. She was very understanding and provided several resources to her students to help them with the subject. The class was a hybrid course, with lectures online and exams in person. At the start of the semester, she provided us with a physical packet of notes that we could use to follow along with her lecture videos. She did a great job explaining concepts and used repetition to help further.","Morgan Wright"
"156",2,"Python",2,3,2,3,1,4,5,2,4,"Going to lots of office hours helped me initially. I somewhat enjoy learning statistics because I like working with numbers, as it is calming for me and acts as a sort of puzzle for me to solve. Statistics was definitely one of the most challenging courses I took during my undergraduate, especially as it required learning about various software to plot and keep track of data, which I am not very good at.","Kenneth Victoriano"
"157",1,NA,2,4,2,4,2,4,4,1,2,"Good professor who took things slow and gave great in class examples, an dwork through problems together. Also took loads of notes to help keep things straight, very very helpful when learning something new and in-depth","Roxann Flores"
"158",1,NA,2,4,3,4,3,4,3,2,3,"When I learned statistics, it helped that there was a support class with the course.  It helped seeing the step-by-step examples.  I felt that it was good.  Just took a lot more focus and staying on top of things.","Dolly Anderson"
"159",1,NA,2,4,1,4,2,4,5,2,2,"The thing that helped me the most in my first statistics class at MJC is having a group of classmates that helped all together. I'm a very visual learner so hearing it and watching it done by the professor and also seeing it from my classmates helped me a lot.","Jamie Beck"
"160",1,NA,2,3,2,4,2,4,4,1,1,NA,"Daniel Estrella"
"161",1,NA,2,4,3,4,3,3,5,2,3,"What helped me understand statistics in the past was having God helping me out, having patience  with my self, and had a great professor.","Yazmin Espinoza"
"162",1,NA,1,5,4,5,3,4,2,1,1,"Repetition with the instructor working on assignments similar to the ones assigned in class.","Andres Villasenor"
"163",1,NA,2,5,4,5,4,4,4,5,1,"When taking statistics in college I found it fairly easy since I had an amazing professor who made her lesson plans the most easy going.","Adriana Canela"
"164",1,NA,3,1,1,2,2,2,1,2,2,"I think just using this software is very difficult. If we were in person it would be way better to understand.","Landon Leal Ruiz"
"165",1,NA,3,3,2,4,2,3,5,2,2,"Honestly, I give all the credit to my professors. You and others have simplified it so that it's easier to understand. I am a visual learner, so I appreciate all the step-by-step lectures.","Miriam Oceguera"
"166",1,NA,3,4,1,2,1,2,5,3,3,"Statistics was hard but I found people to study with that made it easier.","Cameron Belandres"
"167",1,NA,3,2,1,2,2,2,5,3,1,"Your lectures and your patience. Professor Thank you very much for reducing my anxiety and stress with your patience to teach me a challenging subject","Anna Elena Arreola"
"168",1,NA,2,4,3,4,2,2,4,1,1,NA,"Denise Rodriguez"
"169",1,NA,2,4,3,4,2,4,3,2,2,"In the past, what helped me understand was just having to go over what I am learning a few times over to get it right in my head. I have taken statistics twice (high school and college) and both times it took me a while to get the hang of it. Previously, I had a good learning experience. Both my teacher and professor would teach us the lesson and then give us worksheets. I would go through the worksheets and make sure I understand the lesson. Then once we get closer to the exam, I would create flashcards and go through the lessons and questions again.","Sienna Hawkins"
"170",1,NA,2,3,4,4,3,3,4,2,3,"I would say having the support and the right instructor to help and teach you.AND From my past, my instructor was very helpful.","TILIAH ROSS"
"171",1,NA,2,3,2,3,1,2,4,3,1,"I don't really have anything that comes to mind.","Andre Becerra"
"172",1,NA,2,4,1,3,3,3,3,3,3,"I can't quite recall it's been a few years. This was a learning experience although I was ver scared because when things are new they tend to be intimidating.","Edith Lopez"
"173",1,NA,2,3,2,3,2,2,NA,3,3,"I had to take a previous stats class twice. The thing I really appreciated from my most recent professor was that he would explain to me where I went wrong. I would stay after class to ask a few questions. I really appreciated that he never seemed like he was rushing to leave, I could tell he actually enjoys what he does. I had instances where my previous professor would just tell me I'm wrong and send me on my way.","Jenny Benitez"
"174",1,NA,2,3,2,4,3,5,4,1,1,"What helped me the most in previous statistics classes was the use of real world examples and using the data I collected through simple surveys and questions for the type of statistical analysis I was learning that week.","Deborah Amerson"
"175",1,NA,1,5,3,3,3,4,3,4,3,"Just following along and trying to understand every step of a problem.","Alex Urzua"
"176",1,NA,2,4,2,4,1,5,4,1,3,"I have only taken one stats class thus far in my college career, what seemed to help me a lot in my past experiences was follow along videos, and group work. My previous stats teacher gave us videos along with in person class lecture guiding us how to solve problems in the computer as well as on the calculator, this helped a lot. As with the group work, getting to collaborate with my class mates seeing where I went right and wrong helped me cling onto the material.","Brianna Bedolla Garcia"
"177",1,NA,2,4,3,3,2,4,3,2,1,NA,"Renee Taylor"
"178",2,"Phyton",2,5,3,5,4,5,5,4,2,"statistics is most important in the way of quantity and quality. This make a crucial factor in today world to make in the number so easy to recognize.","Manjot Singh"
"179",1,NA,3,3,1,2,1,1,5,3,2,"Diving into research and giving us the ability to do research of what interests myself as a student was helpful. Being in class makes me feel a tiny bit at ease but I am still nervous.","Michelle Fajardo Flores"
"180",1,NA,3,3,2,5,2,3,4,5,3,"I took a couple classes when I was still at Delta. The learning process was interesting, and I remember there's just a lot of numbers. There's always room to grow so I am interested in learning. The challenges are just going to make me better. Thank you.","Vicky Lee"
"181",1,NA,3,3,2,1,1,2,5,2,3,"The professor was very patient and took he time to slow down and explain to those that were struggling.","Deborah Montuy"
"182",1,NA,1,5,3,4,3,3,4,1,3,"My first attempt to take psych stats was during covid and it was online. At first it was complicated because we needed a textbook and it was hard to understand. I ended up dropping the class. My second attempt I also took it online but the professor gave examples during class, (which were just prerecorded videos) that followed the step by step instructions of how we would solve the problem and input it into the software SPSS. SPSS was simple enough to understand, but it's been a couple years since i took the class. The professor did not require a textbook and gave us the SPSS software. By the end of that class inputting information was easy and i was confident in my work.","Stacey Bravo"
"183",1,NA,2,4,3,4,3,4,3,2,3,"I think that practice helped me learn statistics. Practicing problems over and over.","Janaya Stroupe"
"184",1,NA,3,3,2,2,1,3,4,3,2,"I am a visual learner and my past professor was very patient in teaching.","Alejandra Hermosillo Acosta"
"185",1,NA,2,4,2,5,3,4,4,2,1,"I’ve only taken one statistics class which was pretty easy for me, I enjoy math for the most part so I do not mind statistics as long as I understand.","Eshontee Andy"
"186",1,NA,2,4,3,4,3,4,2,1,3,"Examples were always helpful along with the professors would give us practice where they would go over similar problems to the assignments. I understand stats pretty well within a couple weeks.","Emely Ruiz"
"187",1,NA,2,3,3,4,4,3,4,2,1,"Seeing multiple examples of how to solve the stats problems then doing an example or two as a class.","Salem Mendoza"
"188",1,NA,2,3,2,4,NA,2,3,2,3,"to be honest, I mostly remeber having to research a lot of content. I’m not too sure.","Telela Vaka"
"189",1,NA,2,4,3,4,2,3,4,3,3,"What helped me understand statistics in the past was going through example problems.","Dahily Ruiz"
"190",1,NA,2,4,3,5,3,3,4,1,2,"Having a patient professor.","J.R. Cueto"
"191",1,NA,2,4,3,3,1,5,5,3,3,"I honestly don't remember anything from statistics in the past. I do know though that it particularly wasn't that difficult to get a grasp of the concept.","Alexander Urzua"
"192",1,NA,2,4,3,1,4,4,4,1,1,"Watching videos and talking to classmates helped me understand statistics in the past. I would share my learning experiences if it helped someone. It was good. My learning process improved over time when I found the videos that worked best for me.","Miriam Hernandez"
